Index,DigiKey Part #,Manufacturer Part Number,Manufacturer,Description,Customer Reference,Quantity,Backorder,Unit Price,Extended Price
1,AD5593RBRUZ-RL7CT-ND,AD5593RBRUZ-RL7,Analog Devices Inc.,IC DAS/ADC/DAC SPECIAL 16-TSSOP,,5,0,"€ 9,36000","€ 46,80"
2,296-23564-1-ND,INA333AIDGKR,Texas Instruments,IC OP AMP 1CH 8-VSSOP,,20,0,"€ 2,60300","€ 52,06"
3,1050-1049-ND,A000062,Arduino,ARDUINO DUE ATSAM3X8E EVAL BRD,,2,0,"€ 42,45000","€ 84,90"
4,DG445DY+-ND,DG445DY+,Analog Devices Inc./Maxim Integrated,IC SWITCH SPST-NOX4 85OHM 16SOIC,,10,0,"€ 5,18200","€ 51,82"
5,LT3080EST#TRPBFCT-ND,LT3080EST#TRPBF,Analog Devices Inc.,IC REG LIN POS ADJ 1.1A SOT223-3,,6,0,"€ 5,89000","€ 35,34"
6,3296W-105LF-ND,3296W-1-105LF,Bourns Inc.,TRIMMER 1M OHM 0.5W PC PIN TOP,,6,0,"€ 1,76000","€ 10,56"
7,CF14JT1K00CT-ND,CF14JT1K00,Stackpole Electronics Inc,RES 1K OHM 5% 1/4W AXIAL,,50,0,"€ 0,01640","€ 0,82"
8,SSW-108-01-T-S-LL-ND,SSW-108-01-T-S-LL,Samtec Inc.,CONN RCPT 8POS 0.1 TIN PCB,,10,0,"€ 1,01000","€ 10,10"
9,10129378-920001BLF-ND,10129378-920001BLF,Amphenol ICC (FCI),CONN HEADER VERT 20POS 2.54MM,,30,0,"€ 0,29600","€ 8,88"
,,,,,,,,Subtotal,"€ 301,28"
